{"cameraMode":{"drawMode":0,"name":"Shaded","section":"Shading Mode"},"sceneLighting":true,"audioPlay":false,"sceneViewState":{"showFog":true,"showMaterialUpdate":false,"showSkybox":true,"showFlares":true,"showImageEffects":true,"showParticleSystems":true},"in2DMode":false,"pivot":{"x":-25.756229400634767,"y":-10.335931777954102,"z":5.9929656982421879},"rotation":{"x":-0.07988691329956055,"y":0.9001022577285767,"z":-0.18650195002555848,"w":-0.38555285334587099},"size":140.78656005859376,"orthographic":false}